INSERT INTO dbo.[Car] ([Number], [Type], [Brand], [Driver], [Color], [FreePlacesCount]) VALUES
(N'Ы832ШМ199', N'Хэтчбэк', N'Ford', N'Смирнов', N'Желтый', 3),
(N'У738ЛЕ98', N'Седан', N'BMW', N'Иванов', N'Красный', 2),
(N'C404HM78', N'Минивен', N'Ford', N'Кузнецов', N'Синий', 9),
(N'Ч711ФО98', N'Внедорожник', N'Hummer', N'Соколов', N'Зелёный', 3),
(N'Д802ЛТ73', N'Внедорожник', N'BMW', N'Попов', N'Белый', 3),
(N'АМ555Р147', N'Седан', N'Rolls-Royce', N'Лебедев', N'Черный', 1),
(N'Е123ЛС98', N'Грузовик', N'Kamaz', N'Козлов', N'Красный', 50),
(N'У195ЗК98', N'Автобус', N'ЗИЛ', N'Новиков', N'Желтый', 50)

GO

INSERT INTO dbo.[Client] ([Name], [Address], [District], [Phone], [IsPermanent]) VALUES
(N'Морозов', N'Транспортный переулок, 12', N'Калининский', N'89817632815', 0),
(N'Петров', N'Переулочный переулок, 54', N'Фрунзенский', N'89112237490', 1),
(N'Волков', N'Ещё один переулок, 91', N'Центральный', N'89058392718', 0),
(N'Сидоров', N'Длиннющая улица, 538', N'Невский', N'89812997372', 0),
(N'Соловьёв', N'Орловская набережная, 83', N'Приморский', N'82223334455', 0)

GO


INSERT INTO dbo.[Order] ([Date], [Time], [Cost], [PaymentType], [ClientId], [CarNumber]) VALUES
('2005-09-01', '17:35:00', 228, N'Наличные', 2, N'Ы832ШМ199'),
('2012-01-04', '23:35:00', 150, N'Наличные', 2, N'Ч711ФО98'),
('2012-05-27', '20:00:00', 3000, N'Нет оплаты', 3, N'У738ЛЕ98'),
('2012-09-09', '11:21:34', 1000, N'Наличные', 3, N'Ч711ФО98'),
('2012-09-01', '15:35:00', 173, N'Наличные', 2, N'C404HM78'),
('2005-09-01', '21:50:00', 90, N'Кредитная карта', 1, N'Ы832ШМ199'),
('2012-08-12', '21:50:00', 300, N'Кредитная карта', 4, N'АМ555Р147'),
('2013-11-08', '16:20:00', 130, N'Наличные', 2, N'У195ЗК98'),
('2013-12-31', '23:59:00', 90, N'Кредитная карта', 5, N'C404HM78'),
('2014-01-01', '00:01:11', 250, N'Наличные', 2, N'У195ЗК98')

GO